assessment_name,description,test_type,url
Account Manager Solution,Account Manager Solution assessment provided by SHL to evaluate relevant skills.,K,https://www.shl.com/solutions/products/product-catalog/view/account-manager-solution/
Administrative Professional - Short Form,Administrative Professional - Short Form assessment provided by SHL to evaluate relevant skills.,K,https://www.shl.com/solutions/products/product-catalog/view/administrative-professional-short-form/
Agency Manager Solution,Agency Manager Solution assessment provided by SHL to evaluate relevant skills.,K,https://www.shl.com/solutions/products/product-catalog/view/agency-manager-solution/
Apprentice + 8.0 Job Focused Assessment,Apprentice + 8.0 Job Focused Assessment assessment provided by SHL to evaluate relevant skills.,K,https://www.shl.com/solutions/products/product-catalog/view/apprentice-8-0-job-focused-assessment-4261/
Apprentice 8.0 Job Focused Assessment,Apprentice 8.0 Job Focused Assessment assessment provided by SHL to evaluate relevant skills.,K,https://www.shl.com/solutions/products/product-catalog/view/apprentice-8-0-job-focused-assessment/
Bank Administrative Assistant - Short Form,Bank Administrative Assistant - Short Form assessment provided by SHL to evaluate relevant skills.,K,https://www.shl.com/solutions/products/product-catalog/view/bank-administrative-assistant-short-form/
Bank Collections Agent - Short Form,Bank Collections Agent - Short Form assessment provided by SHL to evaluate relevant skills.,K,https://www.shl.com/solutions/products/product-catalog/view/bank-collections-agent-short-form/
Bank Operations Supervisor - Short Form,Bank Operations Supervisor - Short Form assessment provided by SHL to evaluate relevant skills.,K,https://www.shl.com/solutions/products/product-catalog/view/bank-operations-supervisor-short-form/
Bilingual Spanish Reservation Agent Solution,Bilingual Spanish Reservation Agent Solution assessment provided by SHL to evaluate relevant skills.,K,https://www.shl.com/solutions/products/product-catalog/view/bilingual-spanish-reservation-agent-solution/
"Bookkeeping, Accounting, Auditing Clerk Short Form","Bookkeeping, Accounting, Auditing Clerk Short Form assessment provided by SHL to evaluate relevant skills.",K,https://www.shl.com/solutions/products/product-catalog/view/bookkeeping-accounting-auditing-clerk-short-form/
Branch Manager - Short Form,Branch Manager - Short Form assessment provided by SHL to evaluate relevant skills.,K,https://www.shl.com/solutions/products/product-catalog/view/branch-manager-short-form/
Cashier Solution,Cashier Solution assessment provided by SHL to evaluate relevant skills.,K,https://www.shl.com/solutions/products/product-catalog/view/cashier-solution/
District/Regional Manager Solution,District/Regional Manager Solution assessment provided by SHL to evaluate relevant skills.,K,https://www.shl.com/solutions/products/product-catalog/view/districtregional-manager-solution/
Entry Level Cashier 7.1 (Americas),Entry Level Cashier 7.1 (Americas) assessment provided by SHL to evaluate relevant skills.,K,https://www.shl.com/solutions/products/product-catalog/view/entry-level-cashier-7-1-%28americas%29/
Entry Level Cashier 7.1 (International),Entry Level Cashier 7.1 (International) assessment provided by SHL to evaluate relevant skills.,K,https://www.shl.com/solutions/products/product-catalog/view/entry-level-cashier-7-1-%28international%29/
Entry Level Customer Service 7.1 (Americas),Entry Level Customer Service 7.1 (Americas) assessment provided by SHL to evaluate relevant skills.,K,https://www.shl.com/solutions/products/product-catalog/view/entry-level-customer-service-7-1-%28americas%29/
Entry Level Customer Service 7.1 (International),Entry Level Customer Service 7.1 (International) assessment provided by SHL to evaluate relevant skills.,K,https://www.shl.com/solutions/products/product-catalog/view/entry-level-customer-service-%28retail-and-cc%29-7-1/
Entry Level Customer Service 7.1 (South Africa),Entry Level Customer Service 7.1 (South Africa) assessment provided by SHL to evaluate relevant skills.,K,https://www.shl.com/solutions/products/product-catalog/view/entry-level-customer-service-7-1-%28south-africa%29/
Entry level Sales 7.1 (Americas),Entry level Sales 7.1 (Americas) assessment provided by SHL to evaluate relevant skills.,K,https://www.shl.com/solutions/products/product-catalog/view/entry-level-sales-7-1-%28americas%29/
Entry level Sales 7.1 (International),Entry level Sales 7.1 (International) assessment provided by SHL to evaluate relevant skills.,K,https://www.shl.com/solutions/products/product-catalog/view/entry-level-sales-7-1/
Entry Level Sales Sift Out 7.1,Entry Level Sales Sift Out 7.1 assessment provided by SHL to evaluate relevant skills.,K,https://www.shl.com/solutions/products/product-catalog/view/entry-level-sales-sift-out-7-1/
Event Sales Manager Solution,Event Sales Manager Solution assessment provided by SHL to evaluate relevant skills.,K,https://www.shl.com/solutions/products/product-catalog/view/event-sales-manager-solution/
Executive - Short Form,Executive - Short Form assessment provided by SHL to evaluate relevant skills.,K,https://www.shl.com/solutions/products/product-catalog/view/executive-short-form/
Financial Professional - Short Form,Financial Professional - Short Form assessment provided by SHL to evaluate relevant skills.,K,https://www.shl.com/solutions/products/product-catalog/view/financial-professional-short-form/
Financial Services Representative Solution,Financial Services Representative Solution assessment provided by SHL to evaluate relevant skills.,K,https://www.shl.com/solutions/products/product-catalog/view/financial-services-representative-solution/
Front Desk Associate Solution,Front Desk Associate Solution assessment provided by SHL to evaluate relevant skills.,K,https://www.shl.com/solutions/products/product-catalog/view/front-desk-associate-solution/
Gaming Associate Solution,Gaming Associate Solution assessment provided by SHL to evaluate relevant skills.,K,https://www.shl.com/solutions/products/product-catalog/view/gaming-associate-solution/
Gaming Manager Solution,Gaming Manager Solution assessment provided by SHL to evaluate relevant skills.,K,https://www.shl.com/solutions/products/product-catalog/view/gaming-manager-solution/
General Entry Level - All Industries 7.0 Solution,General Entry Level - All Industries 7.0 Solution assessment provided by SHL to evaluate relevant skills.,K,https://www.shl.com/solutions/products/product-catalog/view/general-entry-level-all-industries-7-0-solution/
General Entry Level - All Industries 7.1 Solution,General Entry Level - All Industries 7.1 Solution assessment provided by SHL to evaluate relevant skills.,K,https://www.shl.com/solutions/products/product-catalog/view/general-entry-level-all-industries-7-1-solution/
General Entry Level - All Industries 7.1(Americas),General Entry Level - All Industries 7.1(Americas) assessment provided by SHL to evaluate relevant skills.,K,https://www.shl.com/solutions/products/product-catalog/view/general-entry-level-all-industries-7-1%28americas%29/
General Entry Level – Data Entry 7.0 Solution,General Entry Level – Data Entry 7.0 Solution assessment provided by SHL to evaluate relevant skills.,K,https://www.shl.com/solutions/products/product-catalog/view/general-entry-level-data-entry-7-0-solution/
Graduate + 8.0 Job Focused Assessment,Graduate + 8.0 Job Focused Assessment assessment provided by SHL to evaluate relevant skills.,K,https://www.shl.com/solutions/products/product-catalog/view/graduate-8-0-job-focused-assessment/
Graduate 7.1 Job Focused Assessment,Graduate 7.1 Job Focused Assessment assessment provided by SHL to evaluate relevant skills.,K,https://www.shl.com/solutions/products/product-catalog/view/graduate-7-1-job-focused-assessment/
Graduate 8.0 Job Focused Assessment,Graduate 8.0 Job Focused Assessment assessment provided by SHL to evaluate relevant skills.,K,https://www.shl.com/solutions/products/product-catalog/view/graduate-8-0-job-focused-assessment-4228/
Guest Service Team 7.0 Solution,Guest Service Team 7.0 Solution assessment provided by SHL to evaluate relevant skills.,K,https://www.shl.com/solutions/products/product-catalog/view/guest-service-team-7-0-solution/
HiPo Assessment Report 1.0,HiPo Assessment Report 1.0 assessment provided by SHL to evaluate relevant skills.,K,https://www.shl.com/solutions/products/product-catalog/view/hipo-assessment-report-1-0/
HiPo Assessment Report 2.0,HiPo Assessment Report 2.0 assessment provided by SHL to evaluate relevant skills.,K,https://www.shl.com/solutions/products/product-catalog/view/hipo-assessment-report-2-0/
HiPo Unlocking Potential Report 2.0,HiPo Unlocking Potential Report 2.0 assessment provided by SHL to evaluate relevant skills.,K,https://www.shl.com/solutions/products/product-catalog/view/hipo-unlocking-potential-report-2-0/
Housekeeping (New),Housekeeping (New) assessment provided by SHL to evaluate relevant skills.,K,https://www.shl.com/solutions/products/product-catalog/view/housekeeping-new/
HTML/CSS (New),HTML/CSS (New) assessment provided by SHL to evaluate relevant skills.,K,https://www.shl.com/solutions/products/product-catalog/view/htmlcss-new/
HTML5 (New),HTML5 (New) assessment provided by SHL to evaluate relevant skills.,K,https://www.shl.com/solutions/products/product-catalog/view/html5-new/
Human Resources (New),Human Resources (New) assessment provided by SHL to evaluate relevant skills.,K,https://www.shl.com/solutions/products/product-catalog/view/human-resources-new/
IBM DataStage (New),IBM DataStage (New) assessment provided by SHL to evaluate relevant skills.,K,https://www.shl.com/solutions/products/product-catalog/view/ibm-datastage-new/
IBM Sterling Order Management System (New),IBM Sterling Order Management System (New) assessment provided by SHL to evaluate relevant skills.,K,https://www.shl.com/solutions/products/product-catalog/view/ibm-sterling-order-management-system-new/
Industrial Engineering (New),Industrial Engineering (New) assessment provided by SHL to evaluate relevant skills.,K,https://www.shl.com/solutions/products/product-catalog/view/industrial-engineering-new/
Informatica (Architecture) (New),Informatica (Architecture) (New) assessment provided by SHL to evaluate relevant skills.,K,https://www.shl.com/solutions/products/product-catalog/view/informatica-architecture-new/
Informatica (Developer) (New),Informatica (Developer) (New) assessment provided by SHL to evaluate relevant skills.,K,https://www.shl.com/solutions/products/product-catalog/view/informatica-developer-new/
Claims/Operations Supervisor Solution,Claims/Operations Supervisor Solution assessment provided by SHL to evaluate relevant skills.,K,https://www.shl.com/solutions/products/product-catalog/view/claimsoperations-supervisor-solution/
Contact Center Customer Service + 8.0,Contact Center Customer Service + 8.0 assessment provided by SHL to evaluate relevant skills.,K,https://www.shl.com/solutions/products/product-catalog/view/contact-center-customer-service-8-0/
Contact Center Customer Service 8.0,Contact Center Customer Service 8.0 assessment provided by SHL to evaluate relevant skills.,K,https://www.shl.com/solutions/products/product-catalog/view/contact-center-customer-service-8-0-4269/
Contact Center Manager - Short Form,Contact Center Manager - Short Form assessment provided by SHL to evaluate relevant skills.,K,https://www.shl.com/solutions/products/product-catalog/view/contact-center-manager-short-form/
Contact Center Sales & Service + 8.0,Contact Center Sales & Service + 8.0 assessment provided by SHL to evaluate relevant skills.,K,https://www.shl.com/solutions/products/product-catalog/view/contact-center-sales-and-service-8-0/
Contact Center Sales & Service 8.0,Contact Center Sales & Service 8.0 assessment provided by SHL to evaluate relevant skills.,K,https://www.shl.com/solutions/products/product-catalog/view/contact-center-sales-and-service-8-0-4268/
Contact Center Team Lead/Coach - Short Form,Contact Center Team Lead/Coach - Short Form assessment provided by SHL to evaluate relevant skills.,K,https://www.shl.com/solutions/products/product-catalog/view/contact-center-team-leadcoach-short-form/
Contact Centre Agent Solution - UK,Contact Centre Agent Solution - UK assessment provided by SHL to evaluate relevant skills.,K,https://www.shl.com/solutions/products/product-catalog/view/contact-centre-agent-solution-uk/
Customer Service - Short Form,Customer Service - Short Form assessment provided by SHL to evaluate relevant skills.,K,https://www.shl.com/solutions/products/product-catalog/view/customer-service-short-form/
Customer Service - Short Form - UK,Customer Service - Short Form - UK assessment provided by SHL to evaluate relevant skills.,K,https://www.shl.com/solutions/products/product-catalog/view/customer-service-short-form-uk/
Customer Service with Sales - Short Form,Customer Service with Sales - Short Form assessment provided by SHL to evaluate relevant skills.,K,https://www.shl.com/solutions/products/product-catalog/view/customer-service-with-sales-short-form/
Director - Short Form,Director - Short Form assessment provided by SHL to evaluate relevant skills.,K,https://www.shl.com/solutions/products/product-catalog/view/director-short-form/
Manager + 7.1 (Americas),Manager + 7.1 (Americas) assessment provided by SHL to evaluate relevant skills.,K,https://www.shl.com/solutions/products/product-catalog/view/manager-7-1-solution-4242/
Manager + 7.1 (International),Manager + 7.1 (International) assessment provided by SHL to evaluate relevant skills.,K,https://www.shl.com/solutions/products/product-catalog/view/manager-7-1-%28international%29/
Manager 7.0 Solution,Manager 7.0 Solution assessment provided by SHL to evaluate relevant skills.,K,https://www.shl.com/solutions/products/product-catalog/view/manager-7-0-solution/
Manager 7.1 (Americas),Manager 7.1 (Americas) assessment provided by SHL to evaluate relevant skills.,K,https://www.shl.com/solutions/products/product-catalog/view/manager-7-1-%28americas%29/
Manager 7.1 (International),Manager 7.1 (International) assessment provided by SHL to evaluate relevant skills.,K,https://www.shl.com/solutions/products/product-catalog/view/manager-7-1-solution/
Manager 8.0 JFA,Manager 8.0 JFA assessment provided by SHL to evaluate relevant skills.,K,https://www.shl.com/solutions/products/product-catalog/view/manager-8-0-jfa/
Manager 8.0+ JFA,Manager 8.0+ JFA assessment provided by SHL to evaluate relevant skills.,K,https://www.shl.com/solutions/products/product-catalog/view/manager-8-0-jfa-4310/
Manufacturing Production Team Member,Manufacturing Production Team Member assessment provided by SHL to evaluate relevant skills.,K,https://www.shl.com/solutions/products/product-catalog/view/manufacturing-production-team-member/
Manufacturing Skilled Maintenance Worker,Manufacturing Skilled Maintenance Worker assessment provided by SHL to evaluate relevant skills.,K,https://www.shl.com/solutions/products/product-catalog/view/manufacturing-skilled-maintenance-worker/
Network Engineer/Analyst Solution,Network Engineer/Analyst Solution assessment provided by SHL to evaluate relevant skills.,K,https://www.shl.com/solutions/products/product-catalog/view/network-engineeranalyst-solution/
Nurse Leader Solution,Nurse Leader Solution assessment provided by SHL to evaluate relevant skills.,K,https://www.shl.com/solutions/products/product-catalog/view/nurse-leader-solution/
Nurse Solution,Nurse Solution assessment provided by SHL to evaluate relevant skills.,K,https://www.shl.com/solutions/products/product-catalog/view/nurse-solution/
Nursing Assistant Solution,Nursing Assistant Solution assessment provided by SHL to evaluate relevant skills.,K,https://www.shl.com/solutions/products/product-catalog/view/nursing-assistant-solution/
Personal Banker - Short Form,Personal Banker - Short Form assessment provided by SHL to evaluate relevant skills.,K,https://www.shl.com/solutions/products/product-catalog/view/personal-banker-short-form/
Phone Banker - Short Form,Phone Banker - Short Form assessment provided by SHL to evaluate relevant skills.,K,https://www.shl.com/solutions/products/product-catalog/view/phone-banker-short-form/
Prep/Line Cook Solution,Prep/Line Cook Solution assessment provided by SHL to evaluate relevant skills.,K,https://www.shl.com/solutions/products/product-catalog/view/prepline-cook-solution/
Professional + 7.0 Solution,Professional + 7.0 Solution assessment provided by SHL to evaluate relevant skills.,K,https://www.shl.com/solutions/products/product-catalog/view/professional-7-0-solution-3958/
Professional + 7.1 (Americas),Professional + 7.1 (Americas) assessment provided by SHL to evaluate relevant skills.,K,https://www.shl.com/solutions/products/product-catalog/view/professional-7-1-%28americas%29/
Professional + 7.1 (International),Professional + 7.1 (International) assessment provided by SHL to evaluate relevant skills.,K,https://www.shl.com/solutions/products/product-catalog/view/professional-7-1-solution/
Professional 7.0 Solution,Professional 7.0 Solution assessment provided by SHL to evaluate relevant skills.,K,https://www.shl.com/solutions/products/product-catalog/view/professional-7-0-solution/
Professional 7.1 (International),Professional 7.1 (International) assessment provided by SHL to evaluate relevant skills.,K,https://www.shl.com/solutions/products/product-catalog/view/professional-7-1-solution-4247/
Professional 8.0 JFA,Professional 8.0 JFA assessment provided by SHL to evaluate relevant skills.,K,https://www.shl.com/solutions/products/product-catalog/view/professional-8-0-jfa/
Professional/Individual Contributor - Short Form,Professional/Individual Contributor - Short Form assessment provided by SHL to evaluate relevant skills.,K,https://www.shl.com/solutions/products/product-catalog/view/professionalindividual-contributor-short-form/
Project Manager - Short Form,Project Manager - Short Form assessment provided by SHL to evaluate relevant skills.,K,https://www.shl.com/solutions/products/product-catalog/view/project-manager-short-form/
Proof Operator - Processing Specialist -Short Form,Proof Operator - Processing Specialist -Short Form assessment provided by SHL to evaluate relevant skills.,K,https://www.shl.com/solutions/products/product-catalog/view/proof-operator-processing-specialist-short-form/
Reservation Agent Solution,Reservation Agent Solution assessment provided by SHL to evaluate relevant skills.,K,https://www.shl.com/solutions/products/product-catalog/view/reservation-agent-solution/
Restaurant Manager Solution,Restaurant Manager Solution assessment provided by SHL to evaluate relevant skills.,K,https://www.shl.com/solutions/products/product-catalog/view/restaurant-manager-solution/
Restaurant Supervisor Solution,Restaurant Supervisor Solution assessment provided by SHL to evaluate relevant skills.,K,https://www.shl.com/solutions/products/product-catalog/view/restaurant-supervisor-solution/
Retail Consultant Solution,Retail Consultant Solution assessment provided by SHL to evaluate relevant skills.,K,https://www.shl.com/solutions/products/product-catalog/view/retail-consultant-solution/
Retail Manager w/ Sales Solution,Retail Manager w/ Sales Solution assessment provided by SHL to evaluate relevant skills.,K,https://www.shl.com/solutions/products/product-catalog/view/retail-manager-w-sales-solution/
Retail Sales Associate Solution,Retail Sales Associate Solution assessment provided by SHL to evaluate relevant skills.,K,https://www.shl.com/solutions/products/product-catalog/view/retail-sales-associate-solution/
Sales Director Solution,Sales Director Solution assessment provided by SHL to evaluate relevant skills.,K,https://www.shl.com/solutions/products/product-catalog/view/sales-director-solution/
Sales Engineer Solution,Sales Engineer Solution assessment provided by SHL to evaluate relevant skills.,K,https://www.shl.com/solutions/products/product-catalog/view/sales-engineer-solution/
Sales Manager Solution,Sales Manager Solution assessment provided by SHL to evaluate relevant skills.,K,https://www.shl.com/solutions/products/product-catalog/view/sales-manager-solution/
Sales Professional 7.0 Solution,Sales Professional 7.0 Solution assessment provided by SHL to evaluate relevant skills.,K,https://www.shl.com/solutions/products/product-catalog/view/sales-professional-7-0-solution/
Sales Professional 7.1 (Americas),Sales Professional 7.1 (Americas) assessment provided by SHL to evaluate relevant skills.,K,https://www.shl.com/solutions/products/product-catalog/view/sales-professional-7-1-%28americas%29/
Sales Professional Solution,Sales Professional Solution assessment provided by SHL to evaluate relevant skills.,K,https://www.shl.com/solutions/products/product-catalog/view/sales-professional-solution/
Sales Representative Solution,Sales Representative Solution assessment provided by SHL to evaluate relevant skills.,K,https://www.shl.com/solutions/products/product-catalog/view/sales-representative-solution/
Sales Supervisor Solution,Sales Supervisor Solution assessment provided by SHL to evaluate relevant skills.,K,https://www.shl.com/solutions/products/product-catalog/view/sales-supervisor-solution/
Sales Support Specialist Solution,Sales Support Specialist Solution assessment provided by SHL to evaluate relevant skills.,K,https://www.shl.com/solutions/products/product-catalog/view/sales-support-specialist-solution/
Senior Insurance Agent Solution,Senior Insurance Agent Solution assessment provided by SHL to evaluate relevant skills.,K,https://www.shl.com/solutions/products/product-catalog/view/senior-insurance-agent-solution/
Senior Sales Professional Solution,Senior Sales Professional Solution assessment provided by SHL to evaluate relevant skills.,K,https://www.shl.com/solutions/products/product-catalog/view/senior-sales-professional-solution/
Server Solution,Server Solution assessment provided by SHL to evaluate relevant skills.,K,https://www.shl.com/solutions/products/product-catalog/view/server-solution/
Service Associate Solution,Service Associate Solution assessment provided by SHL to evaluate relevant skills.,K,https://www.shl.com/solutions/products/product-catalog/view/service-associate-solution/
Service Supervisor Solution,Service Supervisor Solution assessment provided by SHL to evaluate relevant skills.,K,https://www.shl.com/solutions/products/product-catalog/view/service-supervisor-solution/
Stock Clerk Solution,Stock Clerk Solution assessment provided by SHL to evaluate relevant skills.,K,https://www.shl.com/solutions/products/product-catalog/view/stock-clerk-solution/
Store Manager 7.0 Solution,Store Manager 7.0 Solution assessment provided by SHL to evaluate relevant skills.,K,https://www.shl.com/solutions/products/product-catalog/view/store-manager-7-0-solution/
Store Manager 7.1 (Americas),Store Manager 7.1 (Americas) assessment provided by SHL to evaluate relevant skills.,K,https://www.shl.com/solutions/products/product-catalog/view/store-manager-7-1-%28americas%29/
Store Manager 7.1 (International),Store Manager 7.1 (International) assessment provided by SHL to evaluate relevant skills.,K,https://www.shl.com/solutions/products/product-catalog/view/store-manager-7-1-%28international%29/
Store Manager Solution,Store Manager Solution assessment provided by SHL to evaluate relevant skills.,K,https://www.shl.com/solutions/products/product-catalog/view/store-manager-solution/
Supervisor - Short Form,Supervisor - Short Form assessment provided by SHL to evaluate relevant skills.,K,https://www.shl.com/solutions/products/product-catalog/view/supervisor-short-form/
Supervisor 7.0 Solution,Supervisor 7.0 Solution assessment provided by SHL to evaluate relevant skills.,K,https://www.shl.com/solutions/products/product-catalog/view/supervisor-7-0-solution/
Supervisor 7.1 (Americas),Supervisor 7.1 (Americas) assessment provided by SHL to evaluate relevant skills.,K,https://www.shl.com/solutions/products/product-catalog/view/supervisor-7-1-%28americas%29/
Supervisor 7.1 (International),Supervisor 7.1 (International) assessment provided by SHL to evaluate relevant skills.,K,https://www.shl.com/solutions/products/product-catalog/view/supervisor-7-1-%28international%29/
Support Associate Solution,Support Associate Solution assessment provided by SHL to evaluate relevant skills.,K,https://www.shl.com/solutions/products/product-catalog/view/support-associate-solution/
Support Supervisor Solution,Support Supervisor Solution assessment provided by SHL to evaluate relevant skills.,K,https://www.shl.com/solutions/products/product-catalog/view/support-supervisor-solution/
Technical Sales Associate Solution,Technical Sales Associate Solution assessment provided by SHL to evaluate relevant skills.,K,https://www.shl.com/solutions/products/product-catalog/view/technical-sales-associate-solution/
Technician/Technologist Solution,Technician/Technologist Solution assessment provided by SHL to evaluate relevant skills.,K,https://www.shl.com/solutions/products/product-catalog/view/techniciantechnologist-solution/
Technology Professional 8.0 Job Focused Assessment,Technology Professional 8.0 Job Focused Assessment assessment provided by SHL to evaluate relevant skills.,K,https://www.shl.com/solutions/products/product-catalog/view/technology-professional-8-0-job-focused-assessment/
Telenurse Solution,Telenurse Solution assessment provided by SHL to evaluate relevant skills.,K,https://www.shl.com/solutions/products/product-catalog/view/telenurse-solution/
Teller 7.0,Teller 7.0 assessment provided by SHL to evaluate relevant skills.,K,https://www.shl.com/solutions/products/product-catalog/view/teller-7-0/
Teller with Sales - Short Form,Teller with Sales - Short Form assessment provided by SHL to evaluate relevant skills.,K,https://www.shl.com/solutions/products/product-catalog/view/teller-with-sales-short-form/
Transcriptionist Solution,Transcriptionist Solution assessment provided by SHL to evaluate relevant skills.,K,https://www.shl.com/solutions/products/product-catalog/view/transcriptionist-solution/
Workplace Safety - Individual 7.0 Solution,Workplace Safety - Individual 7.0 Solution assessment provided by SHL to evaluate relevant skills.,K,https://www.shl.com/solutions/products/product-catalog/view/workplace-safety-individual-7-0-solution/
Workplace Safety - Individual 7.1 (Americas),Workplace Safety - Individual 7.1 (Americas) assessment provided by SHL to evaluate relevant skills.,K,https://www.shl.com/solutions/products/product-catalog/view/workplace-safety-individual-7-1-solution/
Workplace Safety - Team 7.0 Solution,Workplace Safety - Team 7.0 Solution assessment provided by SHL to evaluate relevant skills.,K,https://www.shl.com/solutions/products/product-catalog/view/workplace-safety-team-7-0-solution/
Workplace Safety - Team 7.1 (Americas),Workplace Safety - Team 7.1 (Americas) assessment provided by SHL to evaluate relevant skills.,K,https://www.shl.com/solutions/products/product-catalog/view/workplace-safety-team-7-1-%28americas%29/
Workplace Safety - Team 7.1 (International),Workplace Safety - Team 7.1 (International) assessment provided by SHL to evaluate relevant skills.,K,https://www.shl.com/solutions/products/product-catalog/view/workplace-safety-team-7-1-solution/
Workplace Safety Solution,Workplace Safety Solution assessment provided by SHL to evaluate relevant skills.,K,https://www.shl.com/solutions/products/product-catalog/view/workplace-safety-solution/
Adobe Experience Manager (New),Adobe Experience Manager (New) assessment provided by SHL to evaluate relevant skills.,K,https://www.shl.com/solutions/products/product-catalog/view/adobe-experience-manager-new/
Adobe Photoshop CC,Adobe Photoshop CC assessment provided by SHL to evaluate relevant skills.,K,https://www.shl.com/solutions/products/product-catalog/view/adobe-photoshop-cc/
Aeronautical Engineering (New),Aeronautical Engineering (New) assessment provided by SHL to evaluate relevant skills.,K,https://www.shl.com/solutions/products/product-catalog/view/aeronautical-engineering-new/
Aerospace Engineering (New),Aerospace Engineering (New) assessment provided by SHL to evaluate relevant skills.,K,https://www.shl.com/solutions/products/product-catalog/view/aerospace-engineering-new/
Agile Software Development,Agile Software Development assessment provided by SHL to evaluate relevant skills.,K,https://www.shl.com/solutions/products/product-catalog/view/agile-software-development/
Agile Testing (New),Agile Testing (New) assessment provided by SHL to evaluate relevant skills.,K,https://www.shl.com/solutions/products/product-catalog/view/agile-testing-new/
AI Skills,AI Skills assessment provided by SHL to evaluate relevant skills.,P,https://www.shl.com/solutions/products/product-catalog/view/ai-skills/
Amazon Web Services (AWS) Development (New),Amazon Web Services (AWS) Development (New) assessment provided by SHL to evaluate relevant skills.,K,https://www.shl.com/solutions/products/product-catalog/view/amazon-web-services-aws-development-new/
Android Development (New),Android Development (New) assessment provided by SHL to evaluate relevant skills.,K,https://www.shl.com/solutions/products/product-catalog/view/android-development-new/
Angular 6 (New),Angular 6 (New) assessment provided by SHL to evaluate relevant skills.,K,https://www.shl.com/solutions/products/product-catalog/view/angular-6-new/
AngularJS (New),AngularJS (New) assessment provided by SHL to evaluate relevant skills.,K,https://www.shl.com/solutions/products/product-catalog/view/angularjs-new/
Apache Hadoop (New),Apache Hadoop (New) assessment provided by SHL to evaluate relevant skills.,K,https://www.shl.com/solutions/products/product-catalog/view/apache-hadoop-new/
Oracle DBA (Advanced Level) (New),Oracle DBA (Advanced Level) (New) assessment provided by SHL to evaluate relevant skills.,K,https://www.shl.com/solutions/products/product-catalog/view/oracle-dba-advanced-level-new/
Oracle DBA (Entry Level) (New),Oracle DBA (Entry Level) (New) assessment provided by SHL to evaluate relevant skills.,K,https://www.shl.com/solutions/products/product-catalog/view/oracle-dba-entry-level-new/
Oracle PL/SQL (New),Oracle PL/SQL (New) assessment provided by SHL to evaluate relevant skills.,K,https://www.shl.com/solutions/products/product-catalog/view/oracle-plsql-new/
Oracle WebLogic Server (New),Oracle WebLogic Server (New) assessment provided by SHL to evaluate relevant skills.,K,https://www.shl.com/solutions/products/product-catalog/view/oracle-weblogic-server-new/
Organic Chemistry (New),Organic Chemistry (New) assessment provided by SHL to evaluate relevant skills.,K,https://www.shl.com/solutions/products/product-catalog/view/organic-chemistry-new/
Paint Technology (New),Paint Technology (New) assessment provided by SHL to evaluate relevant skills.,K,https://www.shl.com/solutions/products/product-catalog/view/paint-technology-new/
Pediatrics (New),Pediatrics (New) assessment provided by SHL to evaluate relevant skills.,K,https://www.shl.com/solutions/products/product-catalog/view/pediatrics-new/
Pega Development (New),Pega Development (New) assessment provided by SHL to evaluate relevant skills.,K,https://www.shl.com/solutions/products/product-catalog/view/pega-development-new/
Perl (New),Perl (New) assessment provided by SHL to evaluate relevant skills.,K,https://www.shl.com/solutions/products/product-catalog/view/perl-new/
Petrochemical Engineering (New),Petrochemical Engineering (New) assessment provided by SHL to evaluate relevant skills.,K,https://www.shl.com/solutions/products/product-catalog/view/petrochemical-engineering-new/
Petroleum Engineering (New),Petroleum Engineering (New) assessment provided by SHL to evaluate relevant skills.,K,https://www.shl.com/solutions/products/product-catalog/view/petroleum-engineering-new/
Pharmaceutical Analysis (New),Pharmaceutical Analysis (New) assessment provided by SHL to evaluate relevant skills.,K,https://www.shl.com/solutions/products/product-catalog/view/pharmaceutical-analysis-new/
Automata Data Science (New),Automata Data Science (New) assessment provided by SHL to evaluate relevant skills.,K,https://www.shl.com/solutions/products/product-catalog/view/automata-data-science-new/
Automata Data Science Pro (New),Automata Data Science Pro (New) assessment provided by SHL to evaluate relevant skills.,K,https://www.shl.com/solutions/products/product-catalog/view/automata-data-science-pro-new/
Automata Front End,Automata Front End assessment provided by SHL to evaluate relevant skills.,K,https://www.shl.com/solutions/products/product-catalog/view/automata-front-end/
Automata Pro (New),Automata Pro (New) assessment provided by SHL to evaluate relevant skills.,K,https://www.shl.com/solutions/products/product-catalog/view/automata-pro-new/
Automata Selenium,Automata Selenium assessment provided by SHL to evaluate relevant skills.,K,https://www.shl.com/solutions/products/product-catalog/view/automata-selenium/
Automation Anywhere RPA Development (New),Automation Anywhere RPA Development (New) assessment provided by SHL to evaluate relevant skills.,K,https://www.shl.com/solutions/products/product-catalog/view/automation-anywhere-rpa-development-new/
Automotive Engineering (New),Automotive Engineering (New) assessment provided by SHL to evaluate relevant skills.,K,https://www.shl.com/solutions/products/product-catalog/view/automotive-engineering-new/
Basic Biology (New),Basic Biology (New) assessment provided by SHL to evaluate relevant skills.,K,https://www.shl.com/solutions/products/product-catalog/view/basic-biology-new/
Basic Computer Literacy (Windows 10) (New),Basic Computer Literacy (Windows 10) (New) assessment provided by SHL to evaluate relevant skills.,K,https://www.shl.com/solutions/products/product-catalog/view/basic-computer-literacy-windows-10-new/
Basic Statistics (New),Basic Statistics (New) assessment provided by SHL to evaluate relevant skills.,K,https://www.shl.com/solutions/products/product-catalog/view/basic-statistics-new/
Biochemistry (New),Biochemistry (New) assessment provided by SHL to evaluate relevant skills.,K,https://www.shl.com/solutions/products/product-catalog/view/biochemistry-new/
Biotech Lab Techniques (New),Biotech Lab Techniques (New) assessment provided by SHL to evaluate relevant skills.,K,https://www.shl.com/solutions/products/product-catalog/view/biotech-lab-techniques-new/
BizTalk (New),BizTalk (New) assessment provided by SHL to evaluate relevant skills.,K,https://www.shl.com/solutions/products/product-catalog/view/biztalk-new/
Business Communication (adaptive),Business Communication (adaptive) assessment provided by SHL to evaluate relevant skills.,K,https://www.shl.com/solutions/products/product-catalog/view/business-communication-adaptive/
Business Communications,Business Communications assessment provided by SHL to evaluate relevant skills.,K,https://www.shl.com/solutions/products/product-catalog/view/business-communications/
C Programming (New),C Programming (New) assessment provided by SHL to evaluate relevant skills.,K,https://www.shl.com/solutions/products/product-catalog/view/c-programming-new/
C# Programming (New),C# Programming (New) assessment provided by SHL to evaluate relevant skills.,K,https://www.shl.com/solutions/products/product-catalog/view/c-programming-new-4039/
C++ Programming (New),C++ Programming (New) assessment provided by SHL to evaluate relevant skills.,K,https://www.shl.com/solutions/products/product-catalog/view/c-programming-new-4122/
Cardiology and Diabetes Management (New),Cardiology and Diabetes Management (New) assessment provided by SHL to evaluate relevant skills.,K,https://www.shl.com/solutions/products/product-catalog/view/cardiology-and-diabetes-management-new/
Ceramic Engineering (New),Ceramic Engineering (New) assessment provided by SHL to evaluate relevant skills.,K,https://www.shl.com/solutions/products/product-catalog/view/ceramic-engineering-new/
Chemical Engineering (New),Chemical Engineering (New) assessment provided by SHL to evaluate relevant skills.,K,https://www.shl.com/solutions/products/product-catalog/view/chemical-engineering-new/
Cisco AppDynamics (New),Cisco AppDynamics (New) assessment provided by SHL to evaluate relevant skills.,K,https://www.shl.com/solutions/products/product-catalog/view/cisco-appdynamics-new/
Civil Engineering (New),Civil Engineering (New) assessment provided by SHL to evaluate relevant skills.,K,https://www.shl.com/solutions/products/product-catalog/view/civil-engineering-new/
Cloud Computing (New),Cloud Computing (New) assessment provided by SHL to evaluate relevant skills.,K,https://www.shl.com/solutions/products/product-catalog/view/cloud-computing-new/
RemoteWorkQ Participant Report,RemoteWorkQ Participant Report assessment provided by SHL to evaluate relevant skills.,K,https://www.shl.com/solutions/products/product-catalog/view/remoteworkq-participant-report/
RESTful Web Services (New),RESTful Web Services (New) assessment provided by SHL to evaluate relevant skills.,K,https://www.shl.com/solutions/products/product-catalog/view/restful-web-services-new/
Retail Sales and Service Simulation,Retail Sales and Service Simulation assessment provided by SHL to evaluate relevant skills.,K,https://www.shl.com/solutions/products/product-catalog/view/retail-sales-and-service-simulation/
Reviewing Forms - US (R1),Reviewing Forms - US (R1) assessment provided by SHL to evaluate relevant skills.,K,https://www.shl.com/solutions/products/product-catalog/view/reviewing-forms-us-r1/
Ruby (New),Ruby (New) assessment provided by SHL to evaluate relevant skills.,K,https://www.shl.com/solutions/products/product-catalog/view/ruby-new/
Ruby on Rails (New),Ruby on Rails (New) assessment provided by SHL to evaluate relevant skills.,K,https://www.shl.com/solutions/products/product-catalog/view/ruby-on-rails-new/
Sales & Service Phone Simulation,Sales & Service Phone Simulation assessment provided by SHL to evaluate relevant skills.,K,https://www.shl.com/solutions/products/product-catalog/view/sales-and-service-phone-simulation/
Sales & Service Phone Solution,Sales & Service Phone Solution assessment provided by SHL to evaluate relevant skills.,K,https://www.shl.com/solutions/products/product-catalog/view/sales-and-service-phone-solution/
Sales Interview Guide,Sales Interview Guide assessment provided by SHL to evaluate relevant skills.,K,https://www.shl.com/solutions/products/product-catalog/view/sales-interview-guide/
Sales Profiler Cards,Sales Profiler Cards assessment provided by SHL to evaluate relevant skills.,P,https://www.shl.com/solutions/products/product-catalog/view/sales-profiler-cards/
Sales Transformation 1.0 - Individual Contributor,Sales Transformation 1.0 - Individual Contributor assessment provided by SHL to evaluate relevant skills.,P,https://www.shl.com/solutions/products/product-catalog/view/sales-transformation-report-individual-contributor/
Sales Transformation 2.0 - Individual Contributor,Sales Transformation 2.0 - Individual Contributor assessment provided by SHL to evaluate relevant skills.,P,https://www.shl.com/solutions/products/product-catalog/view/salestransformationreport2-0-individualcontributor/
Data Entry (New),Data Entry (New) assessment provided by SHL to evaluate relevant skills.,K,https://www.shl.com/solutions/products/product-catalog/view/data-entry-new/
Data Entry Alphanumeric Split Screen - US,Data Entry Alphanumeric Split Screen - US assessment provided by SHL to evaluate relevant skills.,K,https://www.shl.com/solutions/products/product-catalog/view/data-entry-alphanumeric-split-screen-us/
Data Entry Numeric Split Screen - US,Data Entry Numeric Split Screen - US assessment provided by SHL to evaluate relevant skills.,K,https://www.shl.com/solutions/products/product-catalog/view/data-entry-numeric-split-screen-us/
Data Entry Ten Key Split Screen,Data Entry Ten Key Split Screen assessment provided by SHL to evaluate relevant skills.,K,https://www.shl.com/solutions/products/product-catalog/view/data-entry-ten-key-split-screen/
Data Science (New),Data Science (New) assessment provided by SHL to evaluate relevant skills.,K,https://www.shl.com/solutions/products/product-catalog/view/data-science-new/
Data Warehousing Concepts,Data Warehousing Concepts assessment provided by SHL to evaluate relevant skills.,K,https://www.shl.com/solutions/products/product-catalog/view/data-warehousing-concepts/
Dependability and Safety Instrument (DSI),Dependability and Safety Instrument (DSI) assessment provided by SHL to evaluate relevant skills.,P,https://www.shl.com/solutions/products/product-catalog/view/dependability-and-safety-instrument-dsi/
Dermatology (New),Dermatology (New) assessment provided by SHL to evaluate relevant skills.,K,https://www.shl.com/solutions/products/product-catalog/view/dermatology-new/
Desktop Support (New),Desktop Support (New) assessment provided by SHL to evaluate relevant skills.,K,https://www.shl.com/solutions/products/product-catalog/view/desktop-support-new/
Digital Advertising (New),Digital Advertising (New) assessment provided by SHL to evaluate relevant skills.,K,https://www.shl.com/solutions/products/product-catalog/view/digital-advertising-new/
Digital Readiness Development Report - IC,Digital Readiness Development Report - IC assessment provided by SHL to evaluate relevant skills.,P,https://www.shl.com/solutions/products/product-catalog/view/digital-readiness-development-report/
Digital Readiness Development Report - Manager,Digital Readiness Development Report - Manager assessment provided by SHL to evaluate relevant skills.,P,https://www.shl.com/solutions/products/product-catalog/view/digital-readiness-development-report-manager/
Docker (New),Docker (New) assessment provided by SHL to evaluate relevant skills.,K,https://www.shl.com/solutions/products/product-catalog/view/docker-new/
Dojo (New),Dojo (New) assessment provided by SHL to evaluate relevant skills.,K,https://www.shl.com/solutions/products/product-catalog/view/dojo-new/
Drupal (New),Drupal (New) assessment provided by SHL to evaluate relevant skills.,K,https://www.shl.com/solutions/products/product-catalog/view/drupal-new/
DSI v1.1 Interpretation Report,DSI v1.1 Interpretation Report assessment provided by SHL to evaluate relevant skills.,P,https://www.shl.com/solutions/products/product-catalog/view/dsi-v1-1-interpretation-report/
Econometrics (New),Econometrics (New) assessment provided by SHL to evaluate relevant skills.,K,https://www.shl.com/solutions/products/product-catalog/view/econometrics-new/
Economics (New),Economics (New) assessment provided by SHL to evaluate relevant skills.,K,https://www.shl.com/solutions/products/product-catalog/view/economics-new/
Electrical and Electronics Engineering (New),Electrical and Electronics Engineering (New) assessment provided by SHL to evaluate relevant skills.,K,https://www.shl.com/solutions/products/product-catalog/view/electrical-and-electronics-engineering-new/
Electrical Engineering (New),Electrical Engineering (New) assessment provided by SHL to evaluate relevant skills.,K,https://www.shl.com/solutions/products/product-catalog/view/electrical-engineering-new/
Electronics & Telecommunications Engineering (New),Electronics & Telecommunications Engineering (New) assessment provided by SHL to evaluate relevant skills.,K,https://www.shl.com/solutions/products/product-catalog/view/electronics-and-telecommunications-engineering-new/
Electronics and Embedded Systems Engineering (New),Electronics and Embedded Systems Engineering (New) assessment provided by SHL to evaluate relevant skills.,K,https://www.shl.com/solutions/products/product-catalog/view/electronics-and-embedded-systems-engineering-new/
Electronics and Semiconductor Engineering (New),Electronics and Semiconductor Engineering (New) assessment provided by SHL to evaluate relevant skills.,K,https://www.shl.com/solutions/products/product-catalog/view/electronics-and-semiconductor-engineering-new/
English Comprehension (New),English Comprehension (New) assessment provided by SHL to evaluate relevant skills.,K,https://www.shl.com/solutions/products/product-catalog/view/english-comprehension-new/
Social Media (New),Social Media (New) assessment provided by SHL to evaluate relevant skills.,K,https://www.shl.com/solutions/products/product-catalog/view/social-media-new/
Software Business Analysis,Software Business Analysis assessment provided by SHL to evaluate relevant skills.,K,https://www.shl.com/solutions/products/product-catalog/view/software-business-analysis/
SonarQube (New),SonarQube (New) assessment provided by SHL to evaluate relevant skills.,K,https://www.shl.com/solutions/products/product-catalog/view/sonarqube-new/
Spelling (U.S.) (New),Spelling (U.S.) (New) assessment provided by SHL to evaluate relevant skills.,K,https://www.shl.com/solutions/products/product-catalog/view/spelling-u-s-new/
Split Screen Typing Test - Form 1,Split Screen Typing Test - Form 1 assessment provided by SHL to evaluate relevant skills.,K,https://www.shl.com/solutions/products/product-catalog/view/split-screen-typing-test-form-1/
Spring (New),Spring (New) assessment provided by SHL to evaluate relevant skills.,K,https://www.shl.com/solutions/products/product-catalog/view/spring-new/
SQL (New),SQL (New) assessment provided by SHL to evaluate relevant skills.,K,https://www.shl.com/solutions/products/product-catalog/view/sql-new/
SQL Server (New),SQL Server (New) assessment provided by SHL to evaluate relevant skills.,K,https://www.shl.com/solutions/products/product-catalog/view/sql-server-new/
SQL Server Analysis Services (SSAS) (New),SQL Server Analysis Services (SSAS) (New) assessment provided by SHL to evaluate relevant skills.,K,https://www.shl.com/solutions/products/product-catalog/view/sql-server-analysis-services-%28ssas%29-%28new%29/
SQL Server Integration Services (SSIS) (New),SQL Server Integration Services (SSIS) (New) assessment provided by SHL to evaluate relevant skills.,K,https://www.shl.com/solutions/products/product-catalog/view/sql-server-integration-services-ssis-new/
SQL Server Reporting Services (SSRS) (New),SQL Server Reporting Services (SSRS) (New) assessment provided by SHL to evaluate relevant skills.,K,https://www.shl.com/solutions/products/product-catalog/view/sql-server-reporting-services-ssrs-new/
Statistical Analysis System (New),Statistical Analysis System (New) assessment provided by SHL to evaluate relevant skills.,K,https://www.shl.com/solutions/products/product-catalog/view/statistical-analysis-system-new/
Executive Scenarios Profile Report,Executive Scenarios Profile Report assessment provided by SHL to evaluate relevant skills.,K,https://www.shl.com/solutions/products/product-catalog/view/executive-scenarios-profile-report/
ExpressJS (New),ExpressJS (New) assessment provided by SHL to evaluate relevant skills.,K,https://www.shl.com/solutions/products/product-catalog/view/expressjs-new/
Filing - Names (R1),Filing - Names (R1) assessment provided by SHL to evaluate relevant skills.,K,https://www.shl.com/solutions/products/product-catalog/view/filing-names-r1/
Filing - Numbers,Filing - Numbers assessment provided by SHL to evaluate relevant skills.,K,https://www.shl.com/solutions/products/product-catalog/view/filing-numbers/
Financial Accounting (New),Financial Accounting (New) assessment provided by SHL to evaluate relevant skills.,K,https://www.shl.com/solutions/products/product-catalog/view/financial-accounting-new/
Financial and Banking Services (New),Financial and Banking Services (New) assessment provided by SHL to evaluate relevant skills.,K,https://www.shl.com/solutions/products/product-catalog/view/financial-and-banking-services-new/
Fire Engineering (New),Fire Engineering (New) assessment provided by SHL to evaluate relevant skills.,K,https://www.shl.com/solutions/products/product-catalog/view/fire-engineering-new/
Following Instructions v1 - UK (R1),Following Instructions v1 - UK (R1) assessment provided by SHL to evaluate relevant skills.,K,https://www.shl.com/solutions/products/product-catalog/view/following-instructions-v1-uk-r1/
Following Instructions v1 - US (R2),Following Instructions v1 - US (R2) assessment provided by SHL to evaluate relevant skills.,K,https://www.shl.com/solutions/products/product-catalog/view/following-instructions-v1-us-r2/
Food and Beverage Services (New),Food and Beverage Services (New) assessment provided by SHL to evaluate relevant skills.,K,https://www.shl.com/solutions/products/product-catalog/view/food-and-beverage-services-new/
Food Science (New),Food Science (New) assessment provided by SHL to evaluate relevant skills.,K,https://www.shl.com/solutions/products/product-catalog/view/food-science-new/
Front Office Management (New),Front Office Management (New) assessment provided by SHL to evaluate relevant skills.,K,https://www.shl.com/solutions/products/product-catalog/view/front-office-management-new/
Teradata Development (New),Teradata Development (New) assessment provided by SHL to evaluate relevant skills.,K,https://www.shl.com/solutions/products/product-catalog/view/teradata-development-new/
Time Management (U.S.),Time Management (U.S.) assessment provided by SHL to evaluate relevant skills.,K,https://www.shl.com/solutions/products/product-catalog/view/time-management-u-s/
Training Development,Training Development assessment provided by SHL to evaluate relevant skills.,K,https://www.shl.com/solutions/products/product-catalog/view/training-development/
Typing (New),Typing (New) assessment provided by SHL to evaluate relevant skills.,K,https://www.shl.com/solutions/products/product-catalog/view/typing-new/
UiPath RPA Development (New),UiPath RPA Development (New) assessment provided by SHL to evaluate relevant skills.,K,https://www.shl.com/solutions/products/product-catalog/view/uipath-rpa-development-new/
Universal Competency Framework Interview Guide,Universal Competency Framework Interview Guide assessment provided by SHL to evaluate relevant skills.,K,https://www.shl.com/solutions/products/product-catalog/view/universal-competency-framework-interview-guide/
Universal Competency Framework Job profiling guide,Universal Competency Framework Job profiling guide assessment provided by SHL to evaluate relevant skills.,K,https://www.shl.com/solutions/products/product-catalog/view/universal-competency-framework-job-profiling-guide/
Universal Competency Framework Profiler Cards (44),Universal Competency Framework Profiler Cards (44) assessment provided by SHL to evaluate relevant skills.,K,https://www.shl.com/solutions/products/product-catalog/view/universal-competency-framework-profiler-cards-44/
UNIX (New),UNIX (New) assessment provided by SHL to evaluate relevant skills.,K,https://www.shl.com/solutions/products/product-catalog/view/unix-new/
VB.NET (New),VB.NET (New) assessment provided by SHL to evaluate relevant skills.,K,https://www.shl.com/solutions/products/product-catalog/view/vb-net-new/
Verify - Deductive Reasoning,Verify - Deductive Reasoning assessment provided by SHL to evaluate relevant skills.,A,https://www.shl.com/solutions/products/product-catalog/view/verify-deductive-reasoning/
Verify - Following Instructions,Verify - Following Instructions assessment provided by SHL to evaluate relevant skills.,A,https://www.shl.com/solutions/products/product-catalog/view/verify-following-instructions/
Instrumentation Engineering (New),Instrumentation Engineering (New) assessment provided by SHL to evaluate relevant skills.,K,https://www.shl.com/solutions/products/product-catalog/view/instrumentation-engineering-new/
Interpersonal Communications,Interpersonal Communications assessment provided by SHL to evaluate relevant skills.,K,https://www.shl.com/solutions/products/product-catalog/view/interpersonal-communications/
Interviewing and Hiring Concepts (U.S.),Interviewing and Hiring Concepts (U.S.) assessment provided by SHL to evaluate relevant skills.,K,https://www.shl.com/solutions/products/product-catalog/view/interviewing-and-hiring-concepts-u-s/
iOS Development (New),iOS Development (New) assessment provided by SHL to evaluate relevant skills.,K,https://www.shl.com/solutions/products/product-catalog/view/ios-development-new/
ITIL (IT Infrastructure Library) (New),ITIL (IT Infrastructure Library) (New) assessment provided by SHL to evaluate relevant skills.,K,https://www.shl.com/solutions/products/product-catalog/view/itil-it-infrastructure-library-new/
Java 2 Platform Enterprise Edition 1.4 Fundamental,Java 2 Platform Enterprise Edition 1.4 Fundamental assessment provided by SHL to evaluate relevant skills.,K,https://www.shl.com/solutions/products/product-catalog/view/java-2-platform-enterprise-edition-1-4-fundamental/
Java 8 (New),Java 8 (New) assessment provided by SHL to evaluate relevant skills.,K,https://www.shl.com/solutions/products/product-catalog/view/java-8-new/
Java Design Patterns (New),Java Design Patterns (New) assessment provided by SHL to evaluate relevant skills.,K,https://www.shl.com/solutions/products/product-catalog/view/java-design-patterns-new/
Java Frameworks (New),Java Frameworks (New) assessment provided by SHL to evaluate relevant skills.,K,https://www.shl.com/solutions/products/product-catalog/view/java-frameworks-new/
Java Platform Enterprise Edition 7 (Java EE 7),Java Platform Enterprise Edition 7 (Java EE 7) assessment provided by SHL to evaluate relevant skills.,K,https://www.shl.com/solutions/products/product-catalog/view/java-platform-enterprise-edition-7-java-ee-7/
Java Web Services (New),Java Web Services (New) assessment provided by SHL to evaluate relevant skills.,K,https://www.shl.com/solutions/products/product-catalog/view/java-web-services-new/
JavaScript (New),JavaScript (New) assessment provided by SHL to evaluate relevant skills.,K,https://www.shl.com/solutions/products/product-catalog/view/javascript-new/
Written English v1,Written English v1 assessment provided by SHL to evaluate relevant skills.,K,https://www.shl.com/solutions/products/product-catalog/view/written-english-v1/
Written Spanish,Written Spanish assessment provided by SHL to evaluate relevant skills.,K,https://www.shl.com/solutions/products/product-catalog/view/written-spanish/
Zabbix (New),Zabbix (New) assessment provided by SHL to evaluate relevant skills.,K,https://www.shl.com/solutions/products/product-catalog/view/zabbix-new/
360 Digital Report,360 Digital Report assessment provided by SHL to evaluate relevant skills.,K,https://www.shl.com/solutions/products/product-catalog/view/360-digital-report/
360° Multi-Rater Feedback System (MFS),360° Multi-Rater Feedback System (MFS) assessment provided by SHL to evaluate relevant skills.,K,https://www.shl.com/solutions/products/product-catalog/view/360-multi-rater-feedback-system-mfs/
Manual Testing (New),Manual Testing (New) assessment provided by SHL to evaluate relevant skills.,K,https://www.shl.com/solutions/products/product-catalog/view/manual-testing-new/
Manufac. & Indust. - Mechanical & Vigilance 8.0,Manufac. & Indust. - Mechanical & Vigilance 8.0 assessment provided by SHL to evaluate relevant skills.,K,https://www.shl.com/solutions/products/product-catalog/view/mechanical-and-vigilance-focus-8-0/
Manufac. & Indust. - Safety & Dependability 8.0,Manufac. & Indust. - Safety & Dependability 8.0 assessment provided by SHL to evaluate relevant skills.,P,https://www.shl.com/solutions/products/product-catalog/view/safety-and-dependability-focus-8-0/
Manufacturing & Industrial - Essential Focus 8.0,Manufacturing & Industrial - Essential Focus 8.0 assessment provided by SHL to evaluate relevant skills.,P,https://www.shl.com/solutions/products/product-catalog/view/essential-focus-8-0/
Manufacturing & Industrial - Mechanical Focus 8.0,Manufacturing & Industrial - Mechanical Focus 8.0 assessment provided by SHL to evaluate relevant skills.,K,https://www.shl.com/solutions/products/product-catalog/view/mechanical-focus-8-0/
Manufacturing & Industrial - Vigilance Focus 8.0,Manufacturing & Industrial - Vigilance Focus 8.0 assessment provided by SHL to evaluate relevant skills.,K,https://www.shl.com/solutions/products/product-catalog/view/vigilance-focus-8-0/
Marketing (New),Marketing (New) assessment provided by SHL to evaluate relevant skills.,K,https://www.shl.com/solutions/products/product-catalog/view/marketing-new/
Maven (New),Maven (New) assessment provided by SHL to evaluate relevant skills.,K,https://www.shl.com/solutions/products/product-catalog/view/maven-new/
Mechanical Engineering (New),Mechanical Engineering (New) assessment provided by SHL to evaluate relevant skills.,K,https://www.shl.com/solutions/products/product-catalog/view/mechanical-engineering-new/
Mechatronics Engineering (New),Mechatronics Engineering (New) assessment provided by SHL to evaluate relevant skills.,K,https://www.shl.com/solutions/products/product-catalog/view/mechatronics-engineering-new/
Medical Terminology (New),Medical Terminology (New) assessment provided by SHL to evaluate relevant skills.,K,https://www.shl.com/solutions/products/product-catalog/view/medical-terminology-new/
Metallurgical Engineering (New),Metallurgical Engineering (New) assessment provided by SHL to evaluate relevant skills.,K,https://www.shl.com/solutions/products/product-catalog/view/metallurgical-engineering-new/
MFS 360 Enterprise Leadership Report,MFS 360 Enterprise Leadership Report assessment provided by SHL to evaluate relevant skills.,K,https://www.shl.com/solutions/products/product-catalog/view/mfs-360-enterprise-leadership-report/
MFS 360 UCF Group Report,MFS 360 UCF Group Report assessment provided by SHL to evaluate relevant skills.,K,https://www.shl.com/solutions/products/product-catalog/view/mfs-360-ucf-group-report/
MFS 360 UCF Performance Potential Dev Tips Report,MFS 360 UCF Performance Potential Dev Tips Report assessment provided by SHL to evaluate relevant skills.,K,https://www.shl.com/solutions/products/product-catalog/view/mfs-360-ucf-performance-potential-dev-tips-report/
MFS 360 UCF Standard Report,MFS 360 UCF Standard Report assessment provided by SHL to evaluate relevant skills.,K,https://www.shl.com/solutions/products/product-catalog/view/mfs-360-ucf-standard-report/
Micro Focus Unified Functional Testing (New),Micro Focus Unified Functional Testing (New) assessment provided by SHL to evaluate relevant skills.,K,https://www.shl.com/solutions/products/product-catalog/view/micro-focus-unified-functional-testing-new/
Microservices (New),Microservices (New) assessment provided by SHL to evaluate relevant skills.,K,https://www.shl.com/solutions/products/product-catalog/view/microservices-new/
Microsoft Dynamics Development (New),Microsoft Dynamics Development (New) assessment provided by SHL to evaluate relevant skills.,K,https://www.shl.com/solutions/products/product-catalog/view/microsoft-dynamics-development-new/
Microsoft Excel 365 - Essentials (New),Microsoft Excel 365 - Essentials (New) assessment provided by SHL to evaluate relevant skills.,K,https://www.shl.com/solutions/products/product-catalog/view/microsoft-excel-365-essentials-new/
Microsoft Excel 365 (New),Microsoft Excel 365 (New) assessment provided by SHL to evaluate relevant skills.,K,https://www.shl.com/solutions/products/product-catalog/view/microsoft-excel-365-new/
Microsoft Outlook 2013 (adaptive),Microsoft Outlook 2013 (adaptive) assessment provided by SHL to evaluate relevant skills.,K,https://www.shl.com/solutions/products/product-catalog/view/microsoft-outlook-2013-adaptive/
Microsoft PowerPoint 365 - Essentials (New),Microsoft PowerPoint 365 - Essentials (New) assessment provided by SHL to evaluate relevant skills.,K,https://www.shl.com/solutions/products/product-catalog/view/microsoft-powerpoint-365-essentials-new/
Microsoft SQL Server 2014 Programming,Microsoft SQL Server 2014 Programming assessment provided by SHL to evaluate relevant skills.,K,https://www.shl.com/solutions/products/product-catalog/view/microsoft-sql-server-2014-programming/
Microsoft Windows Server 2012 Administration,Microsoft Windows Server 2012 Administration assessment provided by SHL to evaluate relevant skills.,K,https://www.shl.com/solutions/products/product-catalog/view/microsoft-windows-server-2012-administration/
Microsoft Word 365 - Essentials (New),Microsoft Word 365 - Essentials (New) assessment provided by SHL to evaluate relevant skills.,K,https://www.shl.com/solutions/products/product-catalog/view/microsoft-word-365-essentials-new/
Microsoft Word 365 (New),Microsoft Word 365 (New) assessment provided by SHL to evaluate relevant skills.,K,https://www.shl.com/solutions/products/product-catalog/view/microsoft-word-365-new/
Mineral Engineering (New),Mineral Engineering (New) assessment provided by SHL to evaluate relevant skills.,K,https://www.shl.com/solutions/products/product-catalog/view/mineral-engineering-new/
Mining Engineering (New),Mining Engineering (New) assessment provided by SHL to evaluate relevant skills.,K,https://www.shl.com/solutions/products/product-catalog/view/mining-engineering-new/
Mobility (New),Mobility (New) assessment provided by SHL to evaluate relevant skills.,K,https://www.shl.com/solutions/products/product-catalog/view/mobility-new/
Molecular Biology (New),Molecular Biology (New) assessment provided by SHL to evaluate relevant skills.,K,https://www.shl.com/solutions/products/product-catalog/view/molecular-biology-new/
MongoDB (New),MongoDB (New) assessment provided by SHL to evaluate relevant skills.,K,https://www.shl.com/solutions/products/product-catalog/view/mongodb-new/
Motivation Questionnaire MQM5,Motivation Questionnaire MQM5 assessment provided by SHL to evaluate relevant skills.,P,https://www.shl.com/solutions/products/product-catalog/view/motivation-questionnaire-mqm5/
MQ Candidate Motivation Report,MQ Candidate Motivation Report assessment provided by SHL to evaluate relevant skills.,P,https://www.shl.com/solutions/products/product-catalog/view/mq-candidate-motivation-report/
MQ Employee Motivation Report,MQ Employee Motivation Report assessment provided by SHL to evaluate relevant skills.,P,https://www.shl.com/solutions/products/product-catalog/view/mq-employee-motivation-report/
MQ Motivation Report Pack,MQ Motivation Report Pack assessment provided by SHL to evaluate relevant skills.,P,https://www.shl.com/solutions/products/product-catalog/view/mq-motivation-report-pack/
Occupational Personality Questionnaire OPQ32r,Occupational Personality Questionnaire OPQ32r assessment provided by SHL to evaluate relevant skills.,P,https://www.shl.com/solutions/products/product-catalog/view/occupational-personality-questionnaire-opq32r/
Operations Management (New),Operations Management (New) assessment provided by SHL to evaluate relevant skills.,K,https://www.shl.com/solutions/products/product-catalog/view/operations-management-new/
OPQ Candidate Plus Report,OPQ Candidate Plus Report assessment provided by SHL to evaluate relevant skills.,P,https://www.shl.com/solutions/products/product-catalog/view/opq-candidate-plus-report/
OPQ Candidate Report 2.0,OPQ Candidate Report 2.0 assessment provided by SHL to evaluate relevant skills.,P,https://www.shl.com/solutions/products/product-catalog/view/opq-candidate-report-2-0/
OPQ Emotional Intelligence Report,OPQ Emotional Intelligence Report assessment provided by SHL to evaluate relevant skills.,P,https://www.shl.com/solutions/products/product-catalog/view/opq-emotional-intelligence-report/
OPQ Leadership Report,OPQ Leadership Report assessment provided by SHL to evaluate relevant skills.,P,https://www.shl.com/solutions/products/product-catalog/view/opq-leadership-report/
OPQ Manager Plus Report,OPQ Manager Plus Report assessment provided by SHL to evaluate relevant skills.,P,https://www.shl.com/solutions/products/product-catalog/view/opq-manager-plus-report/
OPQ Manager Plus Report 2.0,OPQ Manager Plus Report 2.0 assessment provided by SHL to evaluate relevant skills.,P,https://www.shl.com/solutions/products/product-catalog/view/opq-manager-plus-report-2-0/
OPQ Maximising your Learning Report,OPQ Maximising your Learning Report assessment provided by SHL to evaluate relevant skills.,P,https://www.shl.com/solutions/products/product-catalog/view/opq-maximising-your-learning-report/
OPQ MQ Sales Report,OPQ MQ Sales Report assessment provided by SHL to evaluate relevant skills.,P,https://www.shl.com/solutions/products/product-catalog/view/opq-mq-sales-report/
OPQ Premium Plus Report,OPQ Premium Plus Report assessment provided by SHL to evaluate relevant skills.,P,https://www.shl.com/solutions/products/product-catalog/view/opq-premium-plus-report/
OPQ Premium Plus Report 2.0,OPQ Premium Plus Report 2.0 assessment provided by SHL to evaluate relevant skills.,P,https://www.shl.com/solutions/products/product-catalog/view/opq-premium-plus-report-2-0/
OPQ Profile Report,OPQ Profile Report assessment provided by SHL to evaluate relevant skills.,P,https://www.shl.com/solutions/products/product-catalog/view/opq-profile-report/
OPQ Team Impact Group Development Report,OPQ Team Impact Group Development Report assessment provided by SHL to evaluate relevant skills.,P,https://www.shl.com/solutions/products/product-catalog/view/opq-team-impact-group-development-report/
OPQ Team Impact Individual Development Report,OPQ Team Impact Individual Development Report assessment provided by SHL to evaluate relevant skills.,P,https://www.shl.com/solutions/products/product-catalog/view/opq-team-impact-individual-development-report/
OPQ Team Impact Selection Report,OPQ Team Impact Selection Report assessment provided by SHL to evaluate relevant skills.,P,https://www.shl.com/solutions/products/product-catalog/view/opq-team-impact-selection-report/
OPQ Team Types & Leadership Styles Profile,OPQ Team Types & Leadership Styles Profile assessment provided by SHL to evaluate relevant skills.,P,https://www.shl.com/solutions/products/product-catalog/view/opq-team-types-and-leadership-styles-profile/
OPQ Team Types and Leadership Styles Report,OPQ Team Types and Leadership Styles Report assessment provided by SHL to evaluate relevant skills.,P,https://www.shl.com/solutions/products/product-catalog/view/opq-team-types-and-leadership-styles-report/
OPQ UCF Development Action Planner Report 1.0,OPQ UCF Development Action Planner Report 1.0 assessment provided by SHL to evaluate relevant skills.,P,https://www.shl.com/solutions/products/product-catalog/view/opq-ucf-development-action-planner-report/
OPQ UCF Development Action Planner Report 2.0,OPQ UCF Development Action Planner Report 2.0 assessment provided by SHL to evaluate relevant skills.,P,https://www.shl.com/solutions/products/product-catalog/view/opq-ucf-development-action-planner-report-2-0/
OPQ Universal Competency Report 1.0,OPQ Universal Competency Report 1.0 assessment provided by SHL to evaluate relevant skills.,P,https://www.shl.com/solutions/products/product-catalog/view/opq-universal-competency-report/
OPQ Universal Competency Report 2.0,OPQ Universal Competency Report 2.0 assessment provided by SHL to evaluate relevant skills.,P,https://www.shl.com/solutions/products/product-catalog/view/opq-universal-competency-report-2-0/
OPQ User and Managers Report,OPQ User and Managers Report assessment provided by SHL to evaluate relevant skills.,P,https://www.shl.com/solutions/products/product-catalog/view/opq-user-and-managers-report/
OPQ User Report,OPQ User Report assessment provided by SHL to evaluate relevant skills.,K,https://www.shl.com/solutions/products/product-catalog/view/opq-user-report/
Pharmaceutical Chemistry (New),Pharmaceutical Chemistry (New) assessment provided by SHL to evaluate relevant skills.,K,https://www.shl.com/solutions/products/product-catalog/view/pharmaceutical-chemistry-new/
Pharmaceutical Science (New),Pharmaceutical Science (New) assessment provided by SHL to evaluate relevant skills.,K,https://www.shl.com/solutions/products/product-catalog/view/pharmaceutical-science-new/
Pharmaceutics (New),Pharmaceutics (New) assessment provided by SHL to evaluate relevant skills.,K,https://www.shl.com/solutions/products/product-catalog/view/pharmaceutics-new/
Pharmacology (New),Pharmacology (New) assessment provided by SHL to evaluate relevant skills.,K,https://www.shl.com/solutions/products/product-catalog/view/pharmacology-new/
PHP (New),PHP (New) assessment provided by SHL to evaluate relevant skills.,K,https://www.shl.com/solutions/products/product-catalog/view/php-new/
PJM Development Report,PJM Development Report assessment provided by SHL to evaluate relevant skills.,K,https://www.shl.com/solutions/products/product-catalog/view/pjm-development-report/
PJM Selection Report,PJM Selection Report assessment provided by SHL to evaluate relevant skills.,K,https://www.shl.com/solutions/products/product-catalog/view/pjm-selection-report/
Polymer Engineering (New),Polymer Engineering (New) assessment provided by SHL to evaluate relevant skills.,K,https://www.shl.com/solutions/products/product-catalog/view/polymer-engineering-new/
Power Electronics and Drives (New),Power Electronics and Drives (New) assessment provided by SHL to evaluate relevant skills.,K,https://www.shl.com/solutions/products/product-catalog/view/power-electronics-and-drives-new/
Power System Engineering (New),Power System Engineering (New) assessment provided by SHL to evaluate relevant skills.,K,https://www.shl.com/solutions/products/product-catalog/view/power-system-engineering-new/
Prism (New),Prism (New) assessment provided by SHL to evaluate relevant skills.,K,https://www.shl.com/solutions/products/product-catalog/view/prism-new/
Production and Industrial Engineering (New),Production and Industrial Engineering (New) assessment provided by SHL to evaluate relevant skills.,K,https://www.shl.com/solutions/products/product-catalog/view/production-and-industrial-engineering-new/
Production Engineering (New),Production Engineering (New) assessment provided by SHL to evaluate relevant skills.,K,https://www.shl.com/solutions/products/product-catalog/view/production-engineering-new/
Programming Concepts,Programming Concepts assessment provided by SHL to evaluate relevant skills.,K,https://www.shl.com/solutions/products/product-catalog/view/programming-concepts/
Project Management (2013),Project Management (2013) assessment provided by SHL to evaluate relevant skills.,K,https://www.shl.com/solutions/products/product-catalog/view/project-management-2013/
Proofreading v1,Proofreading v1 assessment provided by SHL to evaluate relevant skills.,K,https://www.shl.com/solutions/products/product-catalog/view/proofreading-v1/
Python (New),Python (New) assessment provided by SHL to evaluate relevant skills.,K,https://www.shl.com/solutions/products/product-catalog/view/python-new/
R Programming (New),R Programming (New) assessment provided by SHL to evaluate relevant skills.,K,https://www.shl.com/solutions/products/product-catalog/view/r-programming-new/
ReactJS (New),ReactJS (New) assessment provided by SHL to evaluate relevant skills.,K,https://www.shl.com/solutions/products/product-catalog/view/reactjs-new/
Reading Comprehension - English v1,Reading Comprehension - English v1 assessment provided by SHL to evaluate relevant skills.,A,https://www.shl.com/solutions/products/product-catalog/view/reading-comprehension-english-v1/
Reading Comprehension - Spanish v1,Reading Comprehension - Spanish v1 assessment provided by SHL to evaluate relevant skills.,A,https://www.shl.com/solutions/products/product-catalog/view/reading-comprehension-spanish-v1/
Reading Comprehension v2,Reading Comprehension v2 assessment provided by SHL to evaluate relevant skills.,A,https://www.shl.com/solutions/products/product-catalog/view/reading-comprehension-v2/
RemoteWorkQ,RemoteWorkQ assessment provided by SHL to evaluate relevant skills.,K,https://www.shl.com/solutions/products/product-catalog/view/remoteworkq/
RemoteWorkQ Manager Report,RemoteWorkQ Manager Report assessment provided by SHL to evaluate relevant skills.,K,https://www.shl.com/solutions/products/product-catalog/view/remoteworkq-manager-report/
Search Engine Optimization (New),Search Engine Optimization (New) assessment provided by SHL to evaluate relevant skills.,K,https://www.shl.com/solutions/products/product-catalog/view/search-engine-optimization-new/
Selenium (New),Selenium (New) assessment provided by SHL to evaluate relevant skills.,K,https://www.shl.com/solutions/products/product-catalog/view/selenium-new/
Shell Scripting (New),Shell Scripting (New) assessment provided by SHL to evaluate relevant skills.,K,https://www.shl.com/solutions/products/product-catalog/view/shell-scripting-new/
SHL Verify Interactive - Inductive Reasoning,SHL Verify Interactive - Inductive Reasoning assessment provided by SHL to evaluate relevant skills.,K,https://www.shl.com/solutions/products/product-catalog/view/shl-verify-interactive-inductive-reasoning/
SHL Verify Interactive – Deductive Reasoning,SHL Verify Interactive – Deductive Reasoning assessment provided by SHL to evaluate relevant skills.,K,https://www.shl.com/solutions/products/product-catalog/view/shl-verify-interactive-deductive-reasoning/
SHL Verify Interactive – Numerical Reasoning,SHL Verify Interactive – Numerical Reasoning assessment provided by SHL to evaluate relevant skills.,K,https://www.shl.com/solutions/products/product-catalog/view/shl-verify-interactive-numerical-reasoning/
SHL Verify Interactive G+,SHL Verify Interactive G+ assessment provided by SHL to evaluate relevant skills.,A,https://www.shl.com/solutions/products/product-catalog/view/shl-verify-interactive-g/
SHL Verify Interactive Numerical Calculation,SHL Verify Interactive Numerical Calculation assessment provided by SHL to evaluate relevant skills.,A,https://www.shl.com/solutions/products/product-catalog/view/shl-verify-interactive-numerical-calculation/
Siebel Development (New),Siebel Development (New) assessment provided by SHL to evaluate relevant skills.,K,https://www.shl.com/solutions/products/product-catalog/view/siebel-development-new/
Smart Interview Live,Smart Interview Live assessment provided by SHL to evaluate relevant skills.,P,https://www.shl.com/solutions/products/product-catalog/view/smart-interview-live/
Smart Interview Live Coding,Smart Interview Live Coding assessment provided by SHL to evaluate relevant skills.,K,https://www.shl.com/solutions/products/product-catalog/view/smart-interview-live-coding/
Smart Interview On Demand,Smart Interview On Demand assessment provided by SHL to evaluate relevant skills.,P,https://www.shl.com/solutions/products/product-catalog/view/smart-interview-on-demand/
Struts (New),Struts (New) assessment provided by SHL to evaluate relevant skills.,K,https://www.shl.com/solutions/products/product-catalog/view/struts-new/
SVAR - Spoken English (AUS),SVAR - Spoken English (AUS) assessment provided by SHL to evaluate relevant skills.,K,https://www.shl.com/solutions/products/product-catalog/view/svar-spoken-english-aus/
SVAR - Spoken English (Indian Accent)  (New),SVAR - Spoken English (Indian Accent)  (New) assessment provided by SHL to evaluate relevant skills.,K,https://www.shl.com/solutions/products/product-catalog/view/svar-spoken-english-indian-accent-new/
SVAR - Spoken English (U.K.),SVAR - Spoken English (U.K.) assessment provided by SHL to evaluate relevant skills.,K,https://www.shl.com/solutions/products/product-catalog/view/svar-spoken-english-u-k/
SVAR - Spoken English (US)  (New),SVAR - Spoken English (US)  (New) assessment provided by SHL to evaluate relevant skills.,K,https://www.shl.com/solutions/products/product-catalog/view/svar-spoken-english-us-new/
SVAR - Spoken French (Canadian) (New),SVAR - Spoken French (Canadian) (New) assessment provided by SHL to evaluate relevant skills.,K,https://www.shl.com/solutions/products/product-catalog/view/svar-spoken-french-canadian-new/
SVAR - Spoken French (European) (New),SVAR - Spoken French (European) (New) assessment provided by SHL to evaluate relevant skills.,K,https://www.shl.com/solutions/products/product-catalog/view/svar-spoken-french-european-new/
SVAR - Spoken Spanish (Castilian) (New),SVAR - Spoken Spanish (Castilian) (New) assessment provided by SHL to evaluate relevant skills.,K,https://www.shl.com/solutions/products/product-catalog/view/svar-spoken-spanish-castilian-new/
SVAR - Spoken Spanish (North American) (New),SVAR - Spoken Spanish (North American) (New) assessment provided by SHL to evaluate relevant skills.,K,https://www.shl.com/solutions/products/product-catalog/view/svar-spoken-spanish-north-american-new/
Swing (New),Swing (New) assessment provided by SHL to evaluate relevant skills.,K,https://www.shl.com/solutions/products/product-catalog/view/swing-new/
Tableau (New),Tableau (New) assessment provided by SHL to evaluate relevant skills.,K,https://www.shl.com/solutions/products/product-catalog/view/tableau-new/
Telecommunications Engineering (New),Telecommunications Engineering (New) assessment provided by SHL to evaluate relevant skills.,K,https://www.shl.com/solutions/products/product-catalog/view/telecommunications-engineering-new/
Verify - G+,Verify - G+ assessment provided by SHL to evaluate relevant skills.,A,https://www.shl.com/solutions/products/product-catalog/view/verify-g/
Verify - General Ability Screen,Verify - General Ability Screen assessment provided by SHL to evaluate relevant skills.,A,https://www.shl.com/solutions/products/product-catalog/view/verify-general-ability-screen/
Verify - Inductive Reasoning (2014),Verify - Inductive Reasoning (2014) assessment provided by SHL to evaluate relevant skills.,A,https://www.shl.com/solutions/products/product-catalog/view/verify-inductive-reasoning-2014/
Verify - Numerical Ability,Verify - Numerical Ability assessment provided by SHL to evaluate relevant skills.,A,https://www.shl.com/solutions/products/product-catalog/view/verify-numerical-ability/
Verify - Technical Checking - Next Generation,Verify - Technical Checking - Next Generation assessment provided by SHL to evaluate relevant skills.,A,https://www.shl.com/solutions/products/product-catalog/view/verify-technical-checking-next-generation/
Verify - Verbal Ability - Next Generation,Verify - Verbal Ability - Next Generation assessment provided by SHL to evaluate relevant skills.,A,https://www.shl.com/solutions/products/product-catalog/view/verify-verbal-ability-next-generation/
Verify - Working with Information,Verify - Working with Information assessment provided by SHL to evaluate relevant skills.,A,https://www.shl.com/solutions/products/product-catalog/view/verify-working-with-information/
Verify G+ - Ability Test Report,Verify G+ - Ability Test Report assessment provided by SHL to evaluate relevant skills.,A,https://www.shl.com/solutions/products/product-catalog/view/verify-g-ability-test-report/
Verify G+ - Candidate Report,Verify G+ - Candidate Report assessment provided by SHL to evaluate relevant skills.,A,https://www.shl.com/solutions/products/product-catalog/view/verify-g-candidate-report/
Verify Interactive Ability Report,Verify Interactive Ability Report assessment provided by SHL to evaluate relevant skills.,A,https://www.shl.com/solutions/products/product-catalog/view/verify-interactive-ability-report/
Verify Interactive G+ Candidate Report,Verify Interactive G+ Candidate Report assessment provided by SHL to evaluate relevant skills.,A,https://www.shl.com/solutions/products/product-catalog/view/verify-interactive-g-candidate-report/
Verify Interactive G+ Report,Verify Interactive G+ Report assessment provided by SHL to evaluate relevant skills.,A,https://www.shl.com/solutions/products/product-catalog/view/verify-interactive-g-report/
Verify Interactive Process Monitoring,Verify Interactive Process Monitoring assessment provided by SHL to evaluate relevant skills.,A,https://www.shl.com/solutions/products/product-catalog/view/verify-interactive-process-monitoring/
Virtual Assessment and Development Centers,Virtual Assessment and Development Centers assessment provided by SHL to evaluate relevant skills.,P,https://www.shl.com/solutions/products/product-catalog/view/virtual-assessment-and-development-centers/
Visual Basic for Applications (New),Visual Basic for Applications (New) assessment provided by SHL to evaluate relevant skills.,K,https://www.shl.com/solutions/products/product-catalog/view/visual-basic-for-applications-new/
Visual Comparison - UK,Visual Comparison - UK assessment provided by SHL to evaluate relevant skills.,K,https://www.shl.com/solutions/products/product-catalog/view/visual-comparison-uk/
Visual Comparison - US,Visual Comparison - US assessment provided by SHL to evaluate relevant skills.,K,https://www.shl.com/solutions/products/product-catalog/view/visual-comparison-us/
VLSI and Embedded Systems (New),VLSI and Embedded Systems (New) assessment provided by SHL to evaluate relevant skills.,K,https://www.shl.com/solutions/products/product-catalog/view/vlsi-and-embedded-systems-new/
What Is The Value - US,What Is The Value - US assessment provided by SHL to evaluate relevant skills.,K,https://www.shl.com/solutions/products/product-catalog/view/what-is-the-value-us/
Workplace Administration Skills (New),Workplace Administration Skills (New) assessment provided by SHL to evaluate relevant skills.,K,https://www.shl.com/solutions/products/product-catalog/view/workplace-administration-skills-new/
Workplace Health and Safety (New),Workplace Health and Safety (New) assessment provided by SHL to evaluate relevant skills.,K,https://www.shl.com/solutions/products/product-catalog/view/workplace-health-and-safety-new/
WriteX - Email Writing (Customer Service) (New),WriteX - Email Writing (Customer Service) (New) assessment provided by SHL to evaluate relevant skills.,K,https://www.shl.com/solutions/products/product-catalog/view/writex-email-writing-customer-service-new/
WriteX - Email Writing (Managerial) (New),WriteX - Email Writing (Managerial) (New) assessment provided by SHL to evaluate relevant skills.,K,https://www.shl.com/solutions/products/product-catalog/view/writex-email-writing-managerial-new/
WriteX - Email Writing (Sales) (New),WriteX - Email Writing (Sales) (New) assessment provided by SHL to evaluate relevant skills.,K,https://www.shl.com/solutions/products/product-catalog/view/writex-email-writing-sales-new/
